{
    "AWSEBDockerrunVersion": 2,
    "volumes": [
      {
        "name": "nginx-proxy-conf",
        "host": {
          "sourcePath": "/var/app/current/proxy/conf.d/"
        }
      },
      {
        "name": "web-app",
        "host": {
          "sourcePath": "/var/app/current/hello-app/"
        }
      }
    ],
    "containerDefinitions": [
      {
        "name": "web",
        "image": "wolly8898/ruby-hello-app",
        "essential": true,
        "memory": 256,
        "mountPoints": [
          {
            "sourceVolume": "web-app",
            "containerPath": "/hello-app"
          }
        ]
      },
      {
        "name": "nginx",
        "image": "nginx",
        "essential": true,
        "memory": 256,
        "portMappings": [
          {
            "hostPort": 80,
            "containerPort": 80
          }
        ],
        "links": [
          "web"
        ],
        "mountPoints": [
          {
            "sourceVolume": "nginx-proxy-conf",
            "containerPath": "/etc/nginx/conf.d",
            "readOnly": true
          }
        ]
      }
    ]
  }